<?xml version="1.0" encoding="UTF-8"?>
<!DOCTYPE curriculumVitae SYSTEM "UD3_T8_davidBesada.dtd">
<curriculumVitae>
    <presentación>Mi nombre es David Besada. Soy ingeniero informático con experiencia en desarrollo de software.</presentación>

    <estudios notamedia="8.7">
        <practicas empresa="Galicloud S. Coop. Galega" horas="200"/>
    </estudios>

    <experienciaLaboral>Desarrollador de Software en Galicloud S. Coop. Galega desde 2023. Desarrollo de aplicaciones web y mantenimiento de sistemas.</experienciaLaboral>

    <idiomas nombre="Español" nivel="alto"/>
    <idiomas nombre="Inglés" nivel="alto"/>

    <deportes>Natación y senderismo.</deportes>

    <otros>Programación en Java, desarrollo web con HTML, CSS y JavaScript, bases de datos SQL.</otros>

    <referencias>Profesor Juan Pérez - Universidad Oberta de Catalunya</referencias>
    <referencias>Director de Galicloud S. Coop. Galega</referencias>

    <observaciones>Interesado en oportunidades internacionales y formación continua.</observaciones>
</curriculumVitae>
